{
    "notifications": {
        "monitors":{
            "999": {
                "rules": [{
                    "comment1": "Be careful with dates, no leading spaces, etc",
                    "time_format":"%I:%M %p",
                    "from":"9:30 pm",
                    "to":"1 am", 
                    "cause_has": "person", 
                    "daysofweek": "Mon,Tue,Wed",
                    "action": "mute"
                    },
                    {
                        "time_format": "%I:%M %p",
                        "from": "3 am",
                        "to": "6 am",
                        "action": "mute",
                        "comment1": "the pattern below is a negative match",
                        "cause_has": "^(?!.*(plant|cat|dog)).*$"

                    }
                ]
            },
            "998": {
                "rules": [{
                    "time_format":"%I:%M %p",
                    "from":"5 pm",
                    "to":"7 am",
                    "action":"mute"

                }]
            }
       
        }
    }
    

}
